Sentences,Labels
Tempat laundry dengan teknologi tinggi dan ditangani oleh tenaga profesional memberi jaminan kepuasan kepada para customer,1
Hasilnya sangat bagus dan memuaskan,1
Hasil laundry bagus dan wangi,1
Kurang bersih kadang nyucinya,0
Pekerjaannya tidak tepat waktu,0
Beberapa baju kena pemutih spertinya jadi agak luntur,0
Selalu telat minimal 1 hari,0
Respon lelet,0
tidak bertanggungjawab,0
Bagus,1
bagus laundrynya,1
Pelayanan ramah dan cukup memuaskan,1
Tempatnya bagus dan bersih,1
Selalu memuaskan,1
recomended,1
Harga dan kualitas sesuai,1
Bersih dan rapi,1
Layanan hebat,1
Mewah laundry dengan hasil mewah,1
Good service,1
Mahalnya kebangetan,0
Setrikaannya kurang rapih,0
harga terlalu mahal,0
Baju saya rusak,0
ada 1 celana panjang hilang,0
Pegawai tidak ramah,0
makin jelek kualitas petugasnya,0
pegawainya ga sopan sama ga respect sama pelanggan,0
Pelayanan kurang baik pegawai tidak ramah sama pelangganan,0
Ga sesuai sama iklannya,0
Pegawainya juga ga ramah sama sekali,0
Jangan mau laundry disini Mesinnya tua jelek lama keringin baju,0
Staffnya gak helpful keasikan main hp,0
Karyawannya sangat gak ramah Apatis,0
Pertama kali coba disini tp udah kecewa Pengantaran hampir tidak sesuai janji,0
Hasil cuciannya jg biasa aja cenderung ga wangi,0
Payah ngga ada express sesuai iklan,0
Ok layanan cepat cucian bersih rapi wangi,1
Laundry cepat sesuai komitmen Hasilnya bersih rapi harum Pelayanan ramah dan komunikatif Bisa minta diantar jika jaraknya dekat,1
Pelayanan ramah cepat bersih wangi dan terpercaya,1
Rapi wangi ramah & tepat waktu recommended,1
cepat bersih respon baik terima kasih,1
Pelayanannya tepat waktu,1
Loundry bersih dan Rapi,1
Pemilik laundry komunikatif,1
Respon cepat untuk wisatawan,1
Pakaian itu berbau sangat harum,1
Cukup bagus,1
Gak nyesel laundry di sini meskipun cuci lipat tapi rapi banget sama kayak di setrika pakaiannya untuk parfum laundry tahan lama juga dan wanginya seger juga Pelayanannya juga best banget,1
Yang butuh jasa laundry fast respon bersih wangi harga afordable kilo laundry solusinya recomended banget keep up the good work kilo laundry semoga bisa langganan terus dsini,1
Mantapp antar jemput gratis semoga terus bersih,1
Admin tetap fast respon padahal udah bukan jam kerja good job Kilo Laundry,1
So excellent! Rapih wangi dan yg paling penting ga pernah kehilangan best of best laundry di malang sih!,1
Laundry langganan Admin responsif Free delivery juga tanpa minimal cuci Rapih dan wangi jugaa Makasi,1
Pelayanan bagus hasil memuaskan tingkatkan dan pertahankan,1
fast respon banget laundrynya wangi aman sampai tujuan,1
Laundry andalan dikala cucian numpuk dan terlalu capek buat ngurusin sendiri,1
Tinggal duduk manis di rumah cucian beres,1
Laundry langganan harga oke pelayanan super duper memuaskan Penyelamat dimusim hujan,1
Suka banget cuci disini udah sering banget apalagi kalau lagi males cuci sendiri Rapi dan wangi,1
Hasil laundry disetrikanya asal asalan Setelah dilaundry malah jadi gak layak pakai kusutnya parah kerah kemeja berlipat kaos kaki hilang sebelah,0
sepanjang saya mengenal laundry sdh laundry ini yang terparah menurut saya,0
pakaian serasa tidak dicuci malah lebih kotor dari sebelumnya baju penuh dengan tanah dan sangat terlihat tanpa itikad dan sadar baju tetap di setrika alhasil pasir dan tanah yang ada di baju menempel,0
Pelayanan dan responnya sangat tidak nyaman,0
eberapa staff nya jg kurang ramah,0
Poor quality and service laundry,0
Baju saya robek dan tidak ada pertanggungjawaban,0
Terlalu Mahal tapi hasil gak memuaskan,0
Ambil cucian cepat tapi baju putih tidak diperhatikan sama sekali tetap kotor banget,0
jadi memang cuma masukin mesin cuci langsung setrika ga peduli masih kotor apa enggak,0
Laundry jadinya lama dan kurang bersih laundrian berbahan halus saya ada yang rusak harga relatif mahal untuk pelayanan seperti ini,0
cuci gakbersih banyak noda dan bercak,0
Baju saya ada yg rusak cucinya kurang bersih laundry nya lama pernah salah ngasih baju staff nya ada yg kurang ramah Harganya relatif mahal,0
Ribet si penerima order laundry,0
Baju masih kotor kaya ga di cuci gaakan lagi lagi deh kesini cukup satu kali,0
Layanan buruk,0
Ternyata dah banyak review jelek jangan nyuci disini pakaian luntur semua,0
disuruh nunggu lama tapi no tip minim empati,0
INI LAUNDRY TERPARAH! Jangan pernah laindry dsini pertama kali laundry langsung baju hilang 2,0
Jasa laundry terburuk yang pernah ada! Jangan pernah pakai jasa di sini Saya punya bantal hancur rusak ga bersisa dan ga bisa klaim dengan alasan udah lewat dari dua puluh empat jam,0
Laundry langganan harga oke pelayanan super duper memuaskan Penyelamat dimusim hujan,1
Cuci baju super wangi dan bersih pelayanan juga bagus mbaknya baik selalu fast respon ke customer Terimakasih banyak semoga makin sukses terus ya kakak,1
Laundry andalan saya dong bersih harum pelayanan tepat waktu,1
adminnya responsif banget free antar jemput cocok banget dikantong,1
Laundry langganan terbaik bisa anter jemput juga biaya sesuai kantong mahasiswa banget wanginya juga enak Adminnya juga ramah baik debest dehh,1
Pertama kali mencoba laundry disini Adminnya ramah Bisa antar jemput Semoga langganan disini hihi,1
Suka banget laundry disini soalnya ontime harum pelayananya memuaskan,1
Hasil laundry bersih hasil setrikanya juga rapi wangi lagi bakal langganan sama kilo laundry,1
Mantap promonya asik mantep banget,1
Selalu puas dengan laundry di sini Mana antar jemput gratis Sukses selalu kilo laundry,1
Terima Kasih Kilo Laundry sudah selalu tepat waktu bersih rapi dan saya tidak pernah kehilangan pakaian,1
Bersih harum sudah berlangganan cocok buat anak kos harga ramah di kantong,1
Mantab bersih suka bau parfumnya,1
Best service bersih wangi dan cepat,1
Kilo laundry pengerjaannya rapi dan wangi semoga pelayanannya bisa terus ditingkatkan,1
pegawainya ramah wangi,1
laundry langganan di saat mager,1
Langganan disini lumayan lama bagus banget pelayanannya dan murah,1
Pegawain Ramah selalu ada promo free ongkir Baju bersih rapi kinclong dan wangi hanya di kilo laundry Love pokoknya,1
Cucian bersih rapi pelayanan terbaik recomend gaes,1
Pelayanan memuaskan dan hasil cucian juga rapi dan harus,1
Fasilitas laundry yang free antar jemput pelayanan cepat dan wangi,1
Udah langganan dari dulu bagus,1
Pelayanan baik wangi bersih dan recommended bangeeet,1
Mantap laundrynya,1
Sangat sat set mbak mbaknya di jamin bersih,1
Laundry andalan langganan paling bersih dan wangi,1
Pelanggan lama yang ga ketinggalan dengan promo menariknya,1
Bersih wangi cepat Dan tentunya pelayanan yang memuaskan,1
Punya pengalaman buruk saat laundry disini,0
semoga bisa langganan di kilo laundry,1
Pelayanan memuaskan kurir ramah,1
Laundry tidak amanah,0
dua kali ilang pakaian disini bau wanginya ga harum dan lama pengerjaannya!,0
Pakaian tercecer,0
Setrikaan kurang rapih,0
Kurang BERSIH dan kurang wangi,0
Seprei sama coverbad gua kelunturan Pas balikin buat di bersihin lagi enteng bangat bilang gak bisa,0
tapi pas kemarin saya ngelaundry si teteh tetehnya jutek banget kyak ga niat kerja padahal si teteh yang dulu baik banget,0
saya laundry di sini menggunakan yg express baju saya sobek semua dalaman juga sama buat wanginya si okei tapi pengerjaan nya sembarangan,0
entah kalau buat service yg lain tp kalau buat tas unrecommended,0
Not recommended pengantaran tidak sesuai janji jadi mundur 1 hari pelayanan kurang ramah di chat slow response untuk kabar nya cucian masih kotor dan untuk masuk ke laundry harus ke gang sempit jadi tidak bisa masuk mobil,0
laundry mahal,0
Terima kasih atas cucian baju ini dan lipatnya rapi bisa di atar juga,1
enak si laundry di sini bisa antar jemput hasilnya juga rapi bisa milih tipe pewangi,1
Harganya sesuai pelayanan juga memuaskan Varian parfum juga banyak Sukses terus ya kak,1
Laundry paling best di kota malang bersih wangi cepet untuk varian wangi juga bisa request keren banget,1
Pakaiannya wangi banget Dan suka banget sistem antar jemputnya,1
Harganya terjangkau kualitasnya oke Recomended dan sangat membantu,1
Terima kasih pelayananya sangat bagus semoga sukses selalu,1
Pelayanan baik adminnya ramah hasil laundry wangi dan rapi Recommended,1
admin fast respon dan ramah pilihan parfum banyak baju jadi wangi tahan lama,1
Laundry mudah bisa dianter kerumah pelayanan baik pilihan parfum banyak,1
sangat memuaskan cepet banget rapi bersih wangi terbaik bisa diantar jemput kerumah lagi sangat membantu,1
Bajunya bersih banget dan wangi Bisa antar jemput juga cocok buat yang sibuk kerja tapi pengen laundry cepet,1
Terima kasih kak baju saya sangat harum dan harganya terjangkau meskipun sudah di antar jemput,1
Hasilnya rapi bersih harum bukanya sampek malem jadi gak perlu khawatir pulang kantor malem tetep bisa laundry,1
Barangnya waktu kembali tidak lengkap,0
Terimakasih kak sangat membantu Varian parfumnya juga banyak dan rasanya soft,1
Hasil cuciannya bersih wangi setrikanya rapi Parfum bisa pilih sesuai keinginan kita,1
Laundry disini enak banget wangi bisa pilih parfum adminnya juga ramah,1
Hasil laundryannya super wangi bersih rapi Dan pelayanan nya pun ramah sesuai estimasi,1
Laundry yang oke kualitas bagus harga terjangkau dan sangat memudahkan dg adanya antar jemput,1
Baunya enak kak wanginya manis tapi nggak nyengat Terus juga selimutnya jadi lembut Adminnya juga ramah,1
Baik banget dan sabar adminnya baju juga bersih dan wangi tepat waktu juga selesainya Good Job,1
Antar jemputnya cepat banget bisa sampe malam juga Fast respon Bajunya bersih dan wanginya terasa banget,1
Parfum nya enak respon ramah fast respon terjamin rapi,1
Cuciannya bersih rapi juga Pelayannya ramah Tapi pengantarannya perlu sedikit ditingkatkan lagi,1
Adminnya super fast response price very affordable Service memuaskan Bisa layanan pick up,1
Hasil cucian nya bersih dan wangi juga bisa antar jemput ya,1
Baju bajunya masih kusut datengnya nggak tepat waktu cuman wangi nya aja yang enak,0
Laundry memuaskan harga terjangkau varian parfum juga banyak dan antar jemput juga,1
Pelayanannya memuaskan hasilnya juga wangi dan rapi serta tepat waktu terima kasih,1
responsif murah dan cepat hasilnya juga wangi dan rapi yang paling penting bisa antar jemput recommended bangetlah pokoknya,1
Adminnya ramah banget enak diajak komunikasi Laundrianku bersih wangi dan rapi banget,1
Kakaknya baik banget ramah laundry nya pun bersih wangi,1
Tidak direkomendasikan karena tidak tepat waktu dan baju ada yg tertukar,0
Terima kasih kak pelayanannya sangat membantu semoga sukses kedepannya,1
Bersih rapi dan wangi banget sesuai waktu pengerjaan dan kakaknya ramah banget Terima kasih,1
Cucian bajunya rapi harum dan cepat Sepatunya juga dicuci seperti baru Mantap deh,1
Layanan memuaskan Harga terbilang murah Kakaknya juga merespon dengan baik melalui WhatsApp,1
pafrumnya harum pelayanannya juga ramah rapi juga terimakasih kak,1
adminya ramah sangat kominakatif fast respon hasil laundry memuaskan sangat recommended,1
Pelayanannya sangat ramah selesainya cepat dan bersih Bakal langganan deh,1
Cucian telat diantarkan sampai nggak ada baju ASU,0
Pelayanan ramah hasil laundry nya wangi Bersih Dan rapi Oke pokoknya,1
Respon pick up cepat hasil cucian bersih wangi dan rapi pengemasan nya,1
Laundryan bagus cepat soalnya apalagi ngambil dan diantar juga kan! Jadi fix laundry oke,1
Pelayanan nya baik ramah dan hasilnya memuaskan Go yasashi laundry,1
"Seneng banget nyuci d tempat "" Yasashii Laundry "" hasil nya memuaskan wangi dan setrikaan Licin hasil nya terimakasih",1
Nice clean Pelayanan top terimakasih sukses selalu kak,1
Pelayanannya ramah laundry langganan di malang Sukses terus mbak,1
Keren pokoknya bau pakaiannya wangi favorit sih,1
Pelayanan oke banget Harga terjangkua banget,1
Penjual ramah hasil baju wangi dan rapi bisa antar jemput jadi gaperlu repot,1
Setrikaannya rapi wangi diantar dan dijemput sesuai permintaan juga oke deh pokoknya,1
Fast respon Pelayanannya baik dan ramah Sangat rekomended Terima kasih,1
Pelayanan sangat cepat baju jadi rapi dan harum sangat puas pokoknya,1
Pelayanan memuaskan harga juga terjangkau Recommended banget pokoknya,1
On time hasil cucian-nya wangi dan lembut serta harga terjangkau,1
Cucian bersih setrika wangi pelayanan oke recomended guys bisa d pick up lagi,1
Udah langganan kok lama kelamaan di wa di telepon gak di respon sama sekali,0
Pelayanannya ok banget Fast respon Bersih Dan wangi banget suka,1
Loundry disini aja recomended banget bakal jadi langganan nih layanannya ramah soalnya,1
Terimakasih telah melayani kami dengan baik saya merasa puas dengan hasil kerja anda,1
Mau laundry anda terjamin bersih rapi dan wanginya disini saja,1
Pelayanan baik ramah bisa diambil dirumah cepat dan bersih,1
Pelayanannya ramah untuk proses pembayaran juga bisa transfer,1
Laundry disini super bagus admin ramah dan hasil memuaskan,1
Cepet selesai pengerjaannya Membantu sekali untuk yang malas mencuci,1
Laundry nya sangat bagus rapi bersih cepat Cuma satu hal kurang dapat bonusan bonusan nya,1
Enak bisa beres cucian pas sibuk sibuknya,1
Pelayanan yang memuaskan dan bisa antar jemput,1
Suka sekali bersih wangi rapi bisa buat langganan tempatnya,1
Bisa antar rapi dan harum sangat recomended,1
Buat yang butuh laundry cepet aku recomend banget deh,1
Bersih Wangi Express Recomended Laundry ketika berlibur di daerah Tlogomas Malang,1
Terimakasih ya mbak telah memberi pelayanan baik kepada kami,1
pengerjaan tepat waktu dan rapi adminnya juga ramah,1
Recomended pas butuh bisa jemput Sangat membantu Terima kasih,1
Pelayanan laundry nya sangat membantu dan memuaskan,1
Hasil laundry rapi wangi dan bersih Free ongkir pula Recomended,1
laundry nya memuaskan wangi rapi good pokoknya deh,1
Tempat Laundry 24 jam,1
Pelayanan baik Pakaian bersih dan wangi,1
Kualitasnya Bener bener bagus dan harganya sangat terjangkau,1
Tempatkan laundrymu di sini dan dapatkan pelayanan yang memuaskan!,1
pelayanan sangat tidak tepat waktu dan tidak bisa diharapkan!,0
nice service mba nya ramah,1
Wangi banget hasilnya packing juga rapi,1
Laundry wangi rapi waktunya sesuai makasih banyak,1
Cepat bersih dan harum makasih ya,1
Pelayanan baik Admin asik,1
Lama pengantarannya dan suka telat,0
Sangat memuaskan karena bersih Rapih dan wangi,1
Laundry di yasashi bikin ketagihan untuk laundry lagi,1
Mantep dan recomended lah pokoknya,1
laundry nya recomended gaes cuss nggak usah di raguin,1
lelet,0
Terima kasih ya kak sangat membantu,1
Karena pelayanan baik cepat bersih,1
Pelayanannya bagus recommended banget deh,1
Hasil cuciannya bersih setrikaannya rapi,1
Bisa dianter jemput bajunya juga rapih wangi,1
Laundrynya recomended banget,1
Pelayanan mantab,1
Pelayanannya bagus kak recommend banget pokoknya,1
Sangat bagus dan memuaskan hasilnya,1
Terimaksih banyak laundry bersih banget,1
Laundry e terjangkau banget,1
Harganya terjangkau bersih wangi,1
Laundryannya memuaskan wanginya seger,1
laundry recommend harga terjangkau,1
Owner ramah recomend banget deh,1
Bagus rapi bersih indah wangi,1
Karena pelayanan cepat dan bersih,1
Tepat waktu dan bersih,1
Lumayan,1
Admin nya baik,1
Mantap,1
Pelayanan bagus Cepat rapi,1
full service Makasih,1
Terbaik dan ramah,1
Laundry membantu,1
Tidak mengecewakan,1
Pelayanan mantab,1
BERSIH DAN RAPI DAN NYAMAN,1
Laundry paling gercep,1
Mantap wangi dan bersih,1
Makasih bersih dan wangi,1
Pelayanan prima,1
Wangi cepat murah,1
Bagus,1
Mantap wangi,1
Amburadul waktu selasai molor penataan baju bajunya kayak tumpukan barang bekas pasti banyak yang hilang baju,0
maaf sekali saya harus riview disini sprei dan baju saya banyak yg hilang order reguler setelah 4 hari gaada kabar adminnya bohong katanya masih di packing saya samperin kesana karena mau saya pake eh ternyata belum disetrika,0
bersih harum dan cepat,1
Sabuknya hilang,0
Ga rekomend Ga professional,0
Saya kehilangan baju dua celana Dan tidak di berikan solusi atau ganti rugi padahal di fiturnya jelas ada foto bajunya dan ketika balik gak ada kan aneh dan kebetulan bajunya adalah baju kesukaan banget dan yang satu baru beli pula katanya sudah sesuai SOP cuma mana tau kalo human error,0
Pertama kali laundry di sini adminnya bilang kalau pertama free laundry bed cover dan nyuruh nyiapin bed covernya pas udah selesai bed covernya malah diitung juga,0
MAHAL baju cuman 6 lembar dan handuk kecil 1 total 21 ribu di nota dikasih bilang 4kg padahal aku timbang sendiri 2kg an,0
Pelayanan cepat dan ramah,1
Bersih wangi dan tepat waktu recommend,1
Pelayanan top bisa antar jemput hasilnya bersih rapi dan cepat,1
Pelayanan antar jemputnya cepat banget Hasil laundrynya juga bersih rapi dan juga wangi,1
Pengalaman laundry yang memuaskan ketika di Malang harga terjangkau kualitas juga oke,1
Bersih cepat dan pelayanan yang bagus,1
Bagus,1
Ramah cepat terjangkau rapi dan bersih Recomended bnget Sip,1
Mantap Bersih Ga cuman sekedar wangi,1
Laundryannya bersih wangi dan harganya juga cukup terjangkau,1
Harga sesuai dengan request waktu Mantap,1
Bagus tepat waktu terjangkau,1
Setrikaan rapi Harum Dan juga owner responsif banget,1
pengerjaan laundry nya selalu on time dan hasilnya wangi,1
Hasilnya rapi dan wangi Bisa antar jemput pakaian,1
layanan cepat ramah dan mudah Keren,1
Pelayanan okeh banget recomended,1
Pelayanan bagus,1
Lanyanan Cepat dan On time,1
Pelayanan nya memuaskan,1
nyaman,1
Sip,1
Mantab,1
Good Profesional,1
Mantap,1
Layanan buruk,0
Layanan bagus,1
Ini express tapi masuk siang ga bisa selesai malamnya Mungkin karena puasa yang tutup jam 16 00,0
walau hari libur tetap dilayani recomended,1
Kurang ramah,0
Cepat dan rapi,1
cepat bersih wangi respon baik terima kasih,1
Bersih dan harum,1
Nice Pelayanan ramah dan rapih,1
bagus kayak nyuci baju sendri,1
Cuci setrika 12jam jadi MANTAP,1
Nomor Telepon dan WA Tidak update,0
Murah meriah,1
Bersih harum,1
Mantap,1
Anita sangat baik dan binatu sangat baik: terlipat bersih dan berbau harum Saya merekomendasikan pasti untuk kebutuhan binatu selama perjalanan atau lainnya Harga juga terjangkau dibandingkan dengan layanan binatu hotel,1
Layanan hebat nilai uang dan dijemput dan dikembalikan ke hotel untuk saya Sangat direkomendasikan,1
Layanan hebat dijemput dan dikirim kembali ke hotel bersih dan terlipat! Anne Rose menyampaikan layanan yang luar biasa Terima kasih,1
kerja bagus,1
Bagus,1
Good,1
really express nice,1
Good service,1
Bagus banget wangi lagi nggak nyesal kalo laundry dsini,1
Terimakasih pelayanannya membantu,1
Oke,1
Pemilik yang baik respon yang baik cepat bersih dan lembut,1
Laudrynya keren bagus dan halus Ini adalah favorit saya,1
Layanan binatu yang sangat bagus dan dapat diandalkan,1
pelayanan yang baik,1
Direkomendasikan! Pelayanan bagus baju bersih dan wangi sekali,1
Laundry rumahan jadi siap-siap ditolak kalau dia sudah penuh ga nerima order lagi Hasil laundry memuaskan orangnya juga ramah,1
Pelayanan Baik dan fast respon hasilnya rapi dan gak mengecewakan,1
Bersih dan bau wanginya tidak mennyengat,1
Cepat wangi bersih terpercaya,1
Cepat pelayanannya,1
Jos hasil cuciannya ngga salah ngelaundry disini,1
pegawai tidak ramah sama sekali etika 0 kesopanan 0 kasar banget mana saya rugi dan harus bayar ulang 10k karena pegawai tidak memberikan arahan,0
Ga sesuai sama iklannya loundry kilat Udah 3x kesana masukin cucian siang mau tak ambil sore atau malam dibilang ga bisa jadi hari yg sama alasan nya penuh lagu rame tenaganya kurang Pegawainya juga ga ramah sama sekali Ga rekomended,0
Pelayanan kurang baik pegawai ndak ramah sama sekali langganan sudah lama disini pelayanan kurang baik pegawai sering ganti Sudah enak Cocok sama pegawai lain diganti terus bkin kecewa pelanggan pegawai nggak ada senyum senyumnya! Tolong diperhatikan pegawainya Terimakasih,0
pegawainya ga sopan sama ga respect sama pelanggan nyetel musiknya kenceng bgt kaya mau konser semoga dapet pegawai yg better kedepannya amin,0
Jadi pelanggan sudah 2 tahun makin jelek kualitas petugasnya kasihan pengusahanya,0
lama banget 2x dari estimasi di nota padahal mesin cucinya ada 7 awalnya ada antrian 4 keranjang dan 1 customer yg nyuci sendiri eh ternyata lebih mendahulukan yang cuciannya banyak jangan sepelekan yang kecil karena sebelum besar pasti dari kecil dulu rekomended banget buat kaum rebahan,0
Pegawaine ra ramah blas lagi pertama ke cabang soba Biasanya ke cabang kratonan Pegawaine ra enek ramah ramah e,0
Jam buka 08 00 tapi jam 08 53 air tandon masih belum penuhâ€š Yang bener aja,0
Awalnya cari laundry agar bisa sehari jadi Nemu laundry ini kalau dilihat lihat ulasan dan ratingnya bagus Eh kenyataannya pelayanan mengecewakan sekali Baju baju saya tidak ada yang disetrika Jelas terlihat karena masih dilipat asal dan masih kusut Jelas kecewa Bagaimana bisa diantar ke costumer tanpa di setrika,0
kalo gamau bayar mahal tapi kualitas laundry nya jelek jangan laundry disini deh buang buang uang doang,0
Setrikaan ya kurang rapih harga terlalu mahal kayak di lipat saja,0
Tidak ada proses check recheck atau reconfirm ke pihak yg melakukan order apabila ada perbedaan instruksi pada saat order pertama kali by Wa dengan saat kurir pick up,0
Orang cuci baju dua kali luntur disini tapi admin/ownernya anti kritik gak mau bertanggung jawab secara materi/bahkan gak ngasih solusi Alasannya selalu BAJU SUDAH LUNTUR DARI AWAL padahal TIDAK ADA BUKTI FOTO bahwa baju sudah luntur dari awal Gak professional,0
Mahal banget nyesel banget udah mempercayakan laundry disini harganya ga ngotak,0
Mahalnya kebangetan laundry dikit abisnya malah bkin dompet menangis,0
jelek banget pelayanan nya,0
Baju saya luntur Yang berwanra putih malah menjadi warna hitam,0
Price nya too expensive because laundry kolor 1 pun kenanya 5kg dan one day service or no its same price Honestly im very very disappointed,0
Clothes decolourised Pants and leggings not clean Shirt from white become yellowis Overcharging WHATSAPP admin blame the customer,0
i dont recommended this laundry,0
Nggak profesional Baju saya sudah dua kali kena luntur di sini nggak ada niat baik untuk ganti rugi atau memberi kompensasi Malah banyak alasan yang nggak bisa diterima Saya yang disalahkan sebagai customer Lalu mereka lepas tanggung jawab begitu saja Not recommended pokoknya,0
Kecewa karena harganya menurut saya nggak standar harusnya ga semuanya dikasih minimal order kalau kayak gitu caranya serasa dibohongi,0
JANGAN MAU LAUNDRY DI SINI YA Ga rapih sama sekali Pas komplen dibilang sudah sesuai SOP Padahal baju kusut semua,0
ITS NOT RECOMENDED LAUNDRY!! VERY POOR QUALITY EMANG LAUNDRY NYA AJA YANG GAK BISA JAGA KEBERSIHAN KOTOR JOROK,0
Mahal Doang cepet sih tapi kagak ada bersih bersih nya parah banget kalo soal kebersihan itu yang gosok ga liat apa gimana?? noda coklat doank kagak hilang ga rekomen asli,0
Karyawannya ga ramah saya tegur saya tanya malah langsung marah marah ngegas ngomongnya nyrocos kayak kereta,0
Kaget banget mau gajadi juga ga enak tapi yang pasti pricenya bener bener ga normal dan malah bkin bertanya tanya ga mutu banget,0
Good impression diawal dan bad impression diakhir 2x saya cuci express pertama ada kelebihan baju orang saya masih maklum dan kedua tas gak dicuci CS menjelaskan via WA tp seperti gak terima dgn kritik dari konsumen dan terkesan ngeles,0
Masih kurang bersih di beberapa baju pengait celana saya hilang padahal sebelum di laundry masih Ada dua,0
Ambil paket express 6 jam dgn harga 12rb / kg Ditaruh jam 20 30an malam dijanjikan jadi jam 13 00 siang Datang sekitar jam 14 00 trnyata masih blm jadi dgn alasan mati lampu jadi molor infonya ada yg paket express 3 jam tapi setelah datang ternyata tidak ada,0
Semuanya bagus (responsif chatnya harganya sesuai anter jemput lagi hehe) Tapi ada barangku yg belum balik entah ketinggalan atau ketuker,0
Beberapa baju kena pemutih spertinya jadi agak luntur,0
Bagus harganya bagus kualitas cucunya hanya saja pengantaran tidak tepat waktu,0
Perlu di tingkat kan kembali pelayanannya,0
Pekerjaannya tidak tepat waktu,0
Packagingnya kurang bagus saat hujan packagingnya mudah rusak karena modelnya paper bag,0
Semoga bisa jemput antar ya ga full terus sad,0
Konsepnya unik harga per kilo lumayan mahal dipisah kena biaya tambahan lagi,0
Minimal 3 kg dan terkadang selesainya molor,0
Layanan begitu Saya harus kembali untuk kedua kalinya,0
Kurang bersih kadang nyucinya,0
Sepertinya harus pikir ulang buat kerjasama dengan homestay ku tidak on time tamu yang laundry kecewa,0
Ambil paket ekspress yang 6 jam Pas datang belum siap paketnya dan baju juga ada noda cara penanganan masalahnya kita tidak puas karena tidak profesional,0
Udah lebih sehari ngambilnya masih belum jadi setrikanya asal banget hampir kayak ga disetrika parah,0
Baju-baju ku kena lunturan,0
Yang super sehari rampung gak worth beberapa pakaian masih ada yang bau dan kotor,0
Too expensive for jogja price!,0
Bra yang tadinya berbentuk jadi rusak flat semua harga expressnya juga jauh lebih mahal dari laundry laundry lain,0
Tidak ramah sama sekali Maaf sekali saja kesana,0
Dirty machine destroyed white dress,0
tempat memang rapih dan nyaman tapi untuk hasil kurang rapih nggak disediain kantong pakai kantong yang kita bawa terlalu ngepres plastik ya jadi pakaian kusut emang wangi tapi kusut lecek terlalu mahal dan nggak sesuai hasilnya,0
Ditungguin di chat terus terusan ga di respon pengantaran telat,0
Nggak nemu,0
No photos of weighing results late delivery and give a command to weighing itself,0
Terakhir laundry disini tanggal 2 mei total 49 pcs ambil one day di anter 4 mei pagi pembayaran transfer sekalinya bongkar baju tinggal 43 pcs Sudah dikasih waktu untuk cari tapi tidak ada respon pemberitahuan apapun,0
Maaf menurut saya harga drayclean 1 stel jas sekian ini cukup mahal karena di laundry ternama sebelah tidak sampai sekian ini,0
harganya mahal nggak sesuai dengan upah,0
Tempat ini Sudah pindah di area timoho jadi untuk Pelanggan setia clean pro diharap cari lokasi lain sudah pindah tidak pernah di perbarui,0
bilangnya buka 24jam pas di datangin ternyata tutup infonya nggak update banget,0
SUDAH TUTUP !,0
Already closed but still there in google map need to update the map,0
The staff member gave me a dirty basket so I had to rewash my clothes and every time I took it out of the washing machine it was getting dirtier and dirtier I am sure my white clothes are totally damaged This place is also just way too expensive for Asian prices I am so disappointed and frustrated Save yourself the time and money and find another place to do your laundry,0
Closed don't go,0
Udah tutup udah pindah tempat kayaknya,0
Pelayananya tidak sebagus cleanpro cabang lainnya disamping lokasinya juga sering berbau jadi tidak nyaman,0
Layanan bersih ramah dan sepadan dengan harganya,1
Bagus cukup rata dan bersih,1
Layanan bagus,1
Lebih dari harga,0
laundry 2 hari tapi beresnya 4 hari kalo dari awal ga bisa 2 hari harusnya bilang dong,0
Adminnya tidak fast respon,0
Hasil nya jelek baju saya semua robek karena penjepit tanda nama nya sampai di jepit dua kali terlalu mahal tidak bersih sangat tidak puas,0
Kecewa dengan pelayanan nya tidak recommended,0
Benar buruk sekali,0
Laundry nya selalu telat hasilnya jelek,0
Sangat melelahkan,0
Saya baru satu kali ke laundry ini celana panjang saya hilang dan staff nya pura pura tidak tau dan setelah saya timbang di rumah laundry saya emang timbangan nya tidak sama jauh kurang nya tolong staff nya untuk jujur,0
Tidak tanggung jawab atas pakaian hilang dan rusak karena alasan peraturan nya self service sudah di ingatkan untuk periksa dan catat jenis dan jumlah pakaian tapi tidak di indahkan pelayanan jelek,0
Kekurangan laundry ini adalah tidak ada fasilitas setrika Jika ada maka hal tersebut bisa jadi pilihan walau harga lebih mahal,0
Gak bagus,0
Sangat kecewa dengan pelayanannya Tidak ada kejujuran diawal setelah merusak baju Setelah saya ketahui baju saya rusak baru mereka mengaku dan hanya meminta maaf Tidak ada ganti rugi sama sekali,0
Alangkah lebih baiknya juga pekerjanya diingatkan untuk tidak jutek dan sombong banget,0
Nyesel saya rekomendasiin ini laundry sama smua teman dan keluarga,0
kecewa dengan salah satu kariyawan yang kurang ramah dan terkesan menyepelekan pelanggan,0
sebagai pelanggan saya sangat kecewa gimana ini pelayanan nya Itu karyawan yang sombong dan kesan milih pelanggan tolong di tegur dia gak cocok kerja di laundry,0
Disana mereka tidak memberikan pelayanan terbaik buat pelanggan,0
Penjaganya tidak ramah,0
Parah total laundry ini laundry nya bau semua seperti pakaian belum kering dipaksa setrika dengan parfum yang norak jadinya malah tambah apek bener beber total nggak recomended,0
Staf sangat tidak ramah,0
Baju cuma disetrika tapi nggak dicuci jadi masih bau banget nggak banget lah pokoknya terus baju putih jadi menguning karena disetrika sangatlah panas,0
ini laundry terburuk pelayanannya lama selesainya lama yang heran kok kasih harga tetep tinggi gak rekomended,0
buat kecewa saya cuci bantal boneka disana malah ngebuntel buntel isi dakronnya biasanya saya laundry ga ada ngebuntal gitu ini malah ngebuntal,0
saya laundry yang expressdi janjikan jam 1 siang tapi belum selesai sampe jam 3 baru di packing ada handuk kotor bisa masuk di cucian saya karyawan sama sekali tidak ramah senyum pun tidak! tutup aja kalau ga bisa service customer dengan benar!,0
Pelayanan sangat buruk tidak direkomendasikan loundry disini,0
Tidak puas pelayanan nunggu lama karyawan nggak kunjung ke luar,0
harga mahal service buruk,0
Baju seperti gak di setrika lipatannya entah gimana lecek semua Kaos kaki tertukar pula Pertama dan terakhir disini,0
Pelayanannya sangat jelek banyak kesalahan yang berulang kali terjadi ke pelanggan kacau parah banget,0
Jelek banget pelayanannya baju saya kotor semua Malah dari yang bersih jadi kotor Kayak abis diinjek injek baju saya Ga profesional Kapok deh laundry disini Minta maaf aja gaada,0
Cukup Kecewa dengan Pelayanan MEC,0
Baju saya kebanyakan hilang pas laundry disini,0
Kemarin saya cuci di mec laundry celana saya kurang emang sering kayak gini ya di mec laundry celnaa ilang ilang gak di kembaliin respon karyawan nya cuek aja gak tau orang celna buar kerja emng parah nih,0
Hasilnya karpet gue jadi bau Gak rekomendes banget Mending cuci sendiri kalo tau begini mah,0
Baju three second saya hilang yg ad gambar bulatnya sama baju uniglo yg warna biru di maling kapok londry disini pegawainya MALING SEMUA MOGA KENA AZAB,0
Pegawainya setelah habis lebaran kemaren ganti ternyata maling semua baju anak saya hilang kemeja beli uniglo hilang tau dia barang yang bagus celana jeans hilang hati hati guys kalo nyuci disini Kapok saya,0
Barang saya hilang Jilbab bini Gak tanggung jawab Cuman jawab aja minta maaf,0
Pick up nya telat diundur jauh dari hari janji pick up nya Saya cuci beberapa item sarung bantal saya ilang Hasil cucian juga kurang bersih masih ada noda menempel,0
kurang wangi dan kurang rapi,0
Saya melihat dan mendengar langsung paket yang di bawa driver over load tidak sesuai dengan berat yang ada di estimasi aplikasinya driver parah kalo mau untung dan laku Nggak begitu caranya,0
Seler nggak ada otak kirim aja sendiri kalo mau 4 drigen ngaco,0
Sangat sangat buruk apalagi selernya judes,0
Sangat buruk,0
pelayanan nya sangat mengecewakan,0
tidak ada sopan santun nya sama sekali,0
staff terkesan kebingungan dan membentak bentak saya nada tinggi,0
Saya pun mendapatkan balasan chat bisa dianggap kurang sopan ya,0
Ga banget ga ada perbaikan pelayanan,0
Tapi laundry pertama kali uda kecewa,0
Tapi maaf hasil cucian punya saya ngga rapih,0
sumpah nyesel banget laundry disini,0
BURUK SANGAT BURUK SANGAT TIDAK BERTANGGUNG JAWAB SANGAT TIDAK TELITI SANGAT TIDAK BAIK ATTITUDE NYA,0
Pelayanan BURUK TIDAK PUAS,0
Bagus di awal Lama lama mengecewakan BURUK,0
Laundry tidak selesai tepat waktu respon komplain kurang memuaskan,0
Cucinya asal Sekali nyuci langsung ada yang ketukar hilang Ga ada tanggung jawab sana sekali,0
cucian hilang tidak ada pertanggung jawaban dari bulan desember 2020 sampai sekarang tidak ada tanggung jawab pelayannya tidak memuaskan,0
tidak ada self service,0
Tidak profesional hilang baju engga diganti Lain kali harus diteliti pelayanannya kurang baik tadinya mau langganan,0
Maap bintangnya 2 Hasil setrikaannya gak rapih pada kusut di setrika lagi oleh saya di rumah jadi susah rapihnya,0
Pelayanan parah ambil yang 24 jam pas udah waktunya ngambil masih nungguin lama banget pas mau dipake bajunya basah bekas gosokan,0
Parah baju hasil setrika masih kusut,0
Tidak rekomen sih menurutku,0
Kecewa,0
Pelayanan tidak professional tidak sesuai dengan review yang ada dan kinerja tidak sesuai waktu kesepakatan,0
Loundry masih kotor dan bau kaya ga di cuci masih ada noda,0
Saya kehilangan jas dan celana hitam nya satu set,0
Banyak banget baju hilang gatau kenapa padahal di hitung dulu sebelum masuk ke dalem sama kasir nya tapi tetap hilang gak bersih noda masih ada,0
Kecewa sama sistem inputannya kalau emang ada kendala atau salah inputan kenapa ga kasih tau dari awal,0
Pelayanan sangat buruk tidak layak di Rekomendasikan sangan mengecewakan,0
Pelayanan buruk,0
Bagi yg baca ini jangan sampai kesini pelayanan sangat buruk dan baju juga gak bersih sama sekali,0
Dan paling parah nyuci baju disini sama sekali gak bersih yang ada makin jorok menang wangi doank tapi baju asli parah kotor nya,0
Pelayanan yg sangat buruk dan buruk tutur kata karyawan nya sombong semua udah kaya bos pemilik laundry aja,0
Pengambilan laundrynya lama,0
pelayanan lambat sekali,0
Baju rusak tidak bertanggung jawab,0
Tidak memuaskan,0
Cukup Kecewa Barang hilang Saat menanyakan tidak ada kompensasi atau standar lain,0
ada laundryan kami hilang malah ada yg kebawa milik orang lain kami kembalikan yang bukan milik kami sebaliknya tak ada tanggung jawabnya atas hilangnya laundryan milik kami lambat laun pelanggan lain juga memilih laundry di tempat yang berbeda,0
pertama kali laundry disini ga worth it secara waktunya di nota laundrynya jadi dalam 3 hari pas hari ketiga langsung ke tempat ternyata belum jadi dan gaada kabar kalau terlambat sangat mengecewakan dan hasilnya wangi parfum laundry biasa gak wangi yang wah,0
Hasil nya tidak sesuai tanggal baju luntur dan baju yang di cuci 1 hilang terima kasih,0
Kecewa Baju tidak selesai dengan keterangan di nota (whatsapp),0
Karyawannya sibuk main hape terus lain kali kalau ada pengunjung mbok ya disapa atau apa,0
Celana saya terkena cat dari tempat ini pemiliknya hanya meminta maaf dan tidak ada tanggung jawab/ ganti rugi sampai sekarang,0
Jilbab rabbani saya hilang ketika saya komplain responnya bintang 1 banget,0
cucian datang dengan tas pengembaliannya bahkan menggunakan plastik bayar mahal tapi tidak bertanggung jawab,0
Karyawannya jutek tidak ada respon yang baik saat ada konsumen bertanya,0
pakaian kurang 2 tidak ada usaha buat tanggung jawab apa gimana sudah 10 hari sangat kecewa,0
Nyuci stroller kurang bersih kurang wangi juga katanya jadi 1 minggu malah jadinya 2 Minggu,0
Sudah langganan tapi karyawan gak teliti Kecewa banget sama kejadian yang saya alami Pelayanannya juga lambat ada beberapa barang yang hilang Ini bagaimana tanggung jawab bos dan anak buahnya? Benar benar mengecewakan!!Karyawannya dibilangin ngeyel jelas jelas kita ada buktinya!,0
Pengirim tidak sesuai waktu saya sudah mau dagang karpetnya belum juga selesai mau di kirim kapan ini,0
Mahal banget sekarang semenjak makin terkenal,0
pelayanan yang sangat sangat sangat buruk sekali namanya dilaundry tapi seperti tidak dicuci masih kotor semua,0
VERY BAD SERVICE NOT RECOMMENDED Saya laundry setelan ada yang hilang tapi tidak ada tanggung jawab dari perusahaan Sudah menghubungi admin namun hanya membela karyawannya yang salah bukannya ditegur karena tidak teliti baik dari kasirnya maupun tenaga produksinya,0
Bintang satu untuk admin wa nya langganan hampir satu tahun dan gak ada kata maaf dari admin kalo telat pengantaran/pickup atau terimakasih kalo sudah menggunakan jasanya kadang pesan hanya dilihat saja tanpa kejelasan,0
Pelayanan sangat jelek Minta dicuci setrika tapi kenyataannya baju bajunya kayak ga disetrika cuma dilipat doang masih pada kusut smua,0
Pengeringnya tidak kering masih basah,0
Selalu jadi pilihan ketika saya akan mencuci baju tapi sayangnya malam ini saya dapat kejadian yang kurang memgenakan dari pihak security saya ditegur dengan cara yang kurang mengenakan hanya karena cucian saya terlihat lebih banyak dari ketentuan,0
Dulu oke tapi sekarang jaket hilang bilangnya susah kalau jaket buat dicari nggak mau tanggung jawab sama sekali bahkan untuk nyari Jujur kecewa banget Auto ganti laundry,0
Kami mencoba jasa Cemerlang Laundry pada Idul Fitri lalu Selain terlambat sehari dari jadwal yang ditentukan dengan alasan mesin rusak baju kami pun hancur (teksturnya menjadi kering) kemungkinan diakibatkan oleh setrika yang terlalu panas Mohon diperbaiki lagi pelayanannya,0
Dulu sudah langganan yang terbaru ini maaf bikin kesal sudah drop laundry 6 hari BELUM DICUCI SAMA SEKALI Ujung ujungnya pegawai bilang diambil saja lagi a Ga ngerti lagi tolong diperbaiki semuanya,0
Janji selesai laundry jam 11 pagi ditelepon bilang belum Baru kasih kabar jam 16an sore kalau sudah selesai dengan alasan lupa no hp customer Diundur lagi Pengambilan malam jam 8 eh jam 8 malam kurang sudah tutup Diundur lagi dijanjikan jam 8 pagi Jam 8 pagi lewat belum buka ga profesional parah,0
kecewa nge laundry disini PRICELIST GAK JELAS saya selalu bayar loundry di awal tapi setelah pakaian selesai mau di ambil saya di suruh nambah bayar lagi alasan nya karena jenis barang yang di cuci meding saya cari yang lain yang LEBIH PROFESIONAL,0
Ada 2 Kaos dalam saya yang putih setelah di laundry jadi berubah warna udah saya chat dan saya kirim fotonya tapi tidak di respon untuk bertanggung jawab,0
kecewa saya kok baju nya bau apek kaya yang ga di kasih pewangi nya baju nya bau kaya yang baju basah ga ke jemur bau sekali,0
Mahal lambat not recommended,0
JANGAN LAUNDRY DI SINI JIKA PAKAIAN ANDA TIDAK MAU RUSAK DAN TIDAK ADA PERTANGGUNG JAWABAN ! 3 pakaian dan 1 pasang kaos kaki tidak bisa dipakai lagi dan terpaksa harus dibuang mereka mengatakan bahwa ini adalah kesalahan mesin di luar tanggung jawab mereka Pakaian saya pun disetrika seperti tidak niat dan diburu buru Tapi konsumen tetap harus bayar,0
Menunggu undangan laundry hingga 3 jam lebih,0
Saya kapok cuci disini ga pernah bersih emang dikira nyari uang gampang apa cuci sepatu dan laundry asal asalan suruh balik lagi dan cuci lagi emang dikira saya banyak waktu apa demi apapun saya kapok cuci disini,0
kancing copot mesin cucinya kasar,0
baju rusak gimana si,0
baju hilang seprai hilang selimut hilang katanya tertukar sama laundryan orang lain sampe sekarang gak balik no respon dan abai fix terakhir laundry disini,0
Bajunya lama banget gak di balikin So sad Terus adminnya gak responsive udah 3 hari di chat sama di telepon gak di bales Di tambah lagi hasil cucian sebelumnya gak wangi sama sekali dan bau apek,0
tidak rapi seperti tidak di setrika udah 2 pakaian hilang laundry 16 pcs setelah selesai cuma kembali 14 waw temen saya juga hilang satu kaos tapi tidak ada pertanggungjawaban,0
2x laundry disana pasti ada yg tertinggal Parahnya lagi laundry an kedua ternyata tidak disetrika Kusut parah lipatan juga ngaco Baru kali ini dapet laundry an macam ini Fix ini yg terakhir,0
Langganan disini Celana hilang satu tapi kurang ada itikad bertanggung jawab dan terkesan plonga plongo,0
Tiap ngelaundry disini entah berapa kali kalo bawa totebag/tas laundry pasti aja hilang jarang dimasukan/dikembalikan lagi ke laundry yang sudah bersih padahal niatnya sambil cuci tas laundry nya juga Bukan ngasih loh ya kita kenapa gak dibalikin lagi,0
Masih pada kotor ga bener nyucinya kayanya cuman di kasih pewangi aja Hadehh,0
laundry mahal,0
Katanya 24 jam,0
Not recommended pengantaran tidak sesuai janji jadi mundur 1 hari pelayanan kurang ramah di chat slow response untuk kabar nya cucian masih kotor dan untuk masuk ke laundry harus ke gang sempit jadi tidak bisa masuk mobil,0
entah kalau buat service yang lain tapi kalau buat spa tas unrecomended nggak ada perubahan sama sekali dari sebelum sama sesudah,0
saya laundry di sini menggunakan yang express baju saya sobek semua dalaman juga sama buat wanginya si oke tapi pengerjaan nya sembarangan ini terakhir kalinya saya laundry disini saya sangat kecewa dengan pelayanannya,0
Waktu kemarin saya ngelaundry si teteh tetehnya jutek banget kayak ga niat kerja Terus diamanahin buat dicuci sama tas totebag nya eh ngga diturutin terus pas saya ambil laundry an ciput saya nya ga ada hilang ditanyain malam ngeles katanya iya besok bakalan di cariin tapi ga ada tuh ngechat saya sampai 2 hari ngelupain begitu aja kapok dan kecewa ga mau lagi ngelaundry disini bye,0
Saya masukin laundry di chingu antapani hari senin 17 April 2023 saya mau pick up hari rabu 19 April 2023 belum selesai Katanya overload Kek mana ini,0
sesudah chek out saya mampir ke laundryan ini dan bilang ke pekerjanya apa yang hilang dan lipstik itu Dia bilang ga ada kaos kaki padahal saya lihat sendiri mbanya masukin ke mesinnya mbanya juga judes banget ga cocok jadi pekerja jadi saya pergi deh dengan kesal Hati hati aja buat barang barangnya takutnya seperti saya hehe,0
Seprei sama coverbad gua kelunturan Pas balikin buat di bersihin lagi enteng bangat bilang gak bisa Sama nih kek di gateway,0
Kurang BERSIH dan kurang wangi,0
Pakaian tercecer,0
Setrikaan kurang rapih,0
2x ilang pakaian disini bau wanginya ga harum dan lama pengerjaannya!,0
Laundry tidak amana nggak ada otak itu pegawai sudah malas saya cek,0
Sebelumnya saya sudah langganan disini tidak pernah ada masalah Sampai sebulan terakhir sudah beberapa kali saat mencuci laundry nya bau apek Coba mengajukan komplain via WA tapi pegawai malah ngeyel Mengecewakan selanjutnya tidak akan langganan di laundry ini lagi Mohon diperbaiki lagi Terima kasih,0
Kecewa gue sama laundry sini cuci sudah lambat ngehilangin celana jeans gua Hati hati gaes pake jasa laundry ini,0
Baju tertukar dan hilang Jika kita tegur mereka langsung tidak mau terima,0
Beberapa baju saya yang baru 1 kali pake dilaundry malah saya terima nambah kotor seperti tanda diinjak gitu Dan saya cuci tempat lain masih ada bekas kotoran dari laundry klin ini Staf hanya bilang mohon maaf tidak dikembalikan uang laundry saya nyesel banget,0
Sama kurir online pembayaran 9500 rupiah aja 500 rupiah nya minta di kembaliin ampun dah sama driver timbang 500 rupiah amalin aja kali kesian driver udah di potong pendapatan dari aplikator 20% lebih belum hujan hujannan Aku rasa management pemilik Laundry juga ikhlas genapin 500 rupiah tuk driver moal jatuh miskin mereun,0
Service terburuk yang pernah saya dapatkan Saya baru sadar kalau baju saya dan suami hilang dan saya ingat betul terakhir saya pakai sebelum di laundry Tidak hanya itu kami cukup kesal karna yang hilang hanya baju branded kami Dan 4 pcs pakaian hilang begitu saja!,0
Saya ngelaundry udah seminggu gak beres beres pelayanan pegawainya kurang bagus gak beres,0
Jasa laundry terburuk yang pernah ada! Jangan pernah pakai jasa di sini Saya punya bantal hancur rusak ga bersisa dan ga bisa klaim dengan alasan udah lewat dari24 jam Wong masih dalam bungkusan,0
Order express 6 jam ternyata minta tambahan waktu jadi 12 jam Setelah 12 jam dihubungi hanya di balas : besok kak Lalu tidak ada respon lagi Jangankan minta maaf respon pun tidak Tidak ada kejelasan,0
INI LAUNDRY TERPARAH! Jangan pernah laindry disini pertama kali laundry langsung baju hilang dihubungin Dan direspon ga ada balesan sama sekali ni laundry apa tempat nyolong baju,0
respon yang sangat lambat dan susah berkomunikasi dengan baik,0
baju hilang 1 Padahal sudah berulang kali pakai layanan laundry ini kirain bisa dipercaya ternyata engga Nyesel,0
disuruh nunggu lama tapi no tip minim empati,0
Ternyata dah banyak review jelek wkwk jangan nyuci disini pakaian luntur semua,0
Parah ini kena zong Di telepon ga diangkat,0
express sangat ke laundry lain saja,0
Layanan buruk,0
Baju masih kotor kaya ga di cuci gaakan lagi lagi deh kesini cukup 1x,0
Ribet si penerima order laundry,0
Pakaian kurang bersih,0
Pakai parfumnya juga pelit ga wangi,0
Nyesel,0
Pertama kali menggunakan jasa ini dan sangat kecewa,0
Laundry paling jelek seumur hidup saya baju hilang ga ada kejelasan lalu baju yang dicuci kena lunturan semua,0
Laundry ini sungguh TIDAK TERPERCAYA saya sangat kecewa sekali telah mencucikan baju disini,0
pengembalian laundry terlambat juga tidak ada konfirmasi sama sekali,0
pelayanan buruk tidak bertanggung jawab,0
Selalu telat minimal 1 hari,0
mahal untuk ukuran jogja,0
Sumpah ini jorok banget di celana ada noda dan bau nya ami,0
tidak bertanggungjawab,0
Buruk banget pelayanan tidak ramah,0
Pelayanan tidak ramah,0
pelayanan parah,0
Pelayanan kurang ramah,0
Karyawan nya gak banget gak cuma sekali aku kesana pokoknyaa gak ramah jadi gak nyaman,0
Pelayannya kurang ramah,0
tidak tepat waktu,0
yang kerja gak teliti,0
Cucian sering kurang kering,0
pelayannya tidak ramah,0
Pelayanan mengecewakan,0
tidak sesuai,0
ADMIN LAUNDRY TIDAK BISA DIHUBUNGI DAN DIKONFIRMASI TERKAIT PELAYANAN barang saya belum dikembalikan sejak seminggu yang lalu,0
Tidak teliti baju saya banyak yang kurang Sangat tidak professional,0
slow respon,0
kecewa dengan pelayanannya,0
Hasilnya sangat bagus dan memuaskan,1
Hasil laundry bagus dan wangi,1
Bagus,1
Pelayanan cepat dan parkir yg luas,1
Bersih wangi dan bisa delivery ke rumah,1
Memakai mesin modern jadi wajar harga mahal,1
Tempat londri dan dry clean yang ada di wilayah strategis,1
Laundry bersih wangi rapi harga premiun,1
bagus laundrynya,1
Pelayanan ramah dan cukup memuaskan,1
Pelayanan memuaskan,1
Sering salah tulis minta di anter tapi di tulis pickup,0
Tempatnya bagus dan bersih,1
Selalu memuaskan,1
Harga kualitas sesuai,1
recomended,1
Memuaskan,1
Well ada harga ada rupa,1
Cukup baik,1
Bersih dan rapi,1
bersih,1
Benar-benar Laundry terbaik di Kota Malang,1
Good job,1
The best for dryclean,1
Ah Tempat yang bagus untuk mencuci,1
Binatu pilihan bagus dry clean,1
cucian premium,1
Premium Lebih baik beli baju baru,0
Layanan hebat,1
Mewah laundry dengan hasil mewah,1
Terletak di lokasi yang sangat nyaman,1
Good service,1
Ok layanan cepat cucian bersih rapi wangi,1
Pelayanan ramah cepat bersih wangi dan terpercaya,1
Hasil laundry wangi dan rapi tapi untuk pelayanan chat kurang baik,1
Rapi wangi ramah tepat waktu recommended,1
cepat bersih respon baik terima kasih,1
Pelayanannya tepat waktu,1
Laundry bersih dan Rapi,1
Pemilik laundry komunikatif,1
Layanan luar biasa banyak sekali cucian yang dicuci dikeringkan dan dilipat rapi dalam lima jam Cucian saya sangat lembut dan baunya luar biasa Staf sangat menyenangkan saya sangat merekomendasikan mereka,1
Besar,1
Respon cepat untuk wisatawan,1
Pakaian itu berbau sangat harum,1
Layanan bagus,1
Cukup bagus,1
Mantap promonya asik mantep banget,1
Selalu puas dengan laundry di sini Mana antar jemput gratis Sukses selalu kilo laundry,1
Pelayanan ramah dan memuaskan,1
Terima Kasih Kilo Laundry sudah selalu tepat waktu bersih rapi dan saya tidak pernah kehilangan pakaian,1
Cuciannya bersih dan sangat wangi enak anter jemput layanan memuaskan,1
Bersih harum sudah berlangganan cocok buat anak kos harga ramah di kantong,1
Mantap bersih suka bau parfumnya,1
Best service bersih wangi dan cepat,1
Kilo laundry pengerjaannya rapi dan wangi semoga pelayanannya bisa terus ditingkatkan,1
pegawainya ramah wangi,1
laundry langganan di saat mager,1
Langganan di sini lumayan lama bagus banget pelayanannya dan murah,1
Suka banget laundry disini pengerjaannya cepet dan bersih Terimakasih Kilo Laundry,1
Udah langganan dari dulu bagus,1
Pelayanan baik wangi bersih dan recommended banget,1
The best Bersih dan cepat,1
Mantap laundrynya,1
Oke bisa antar jemput gratis dan ada event give a way,1
Sangat sat set mbak mbaknya di jamin bersih,1
Laundry andalan langganan paling bersih dan wangi,1
antar jemput gratis ditambah mbak yg ramah moga sukses selalu kilo laundry,1
Pelanggan lama yg ga ketinggalan dg promo menariknya,1
Bersih wangi cepat Dan tentunya pelayanan yang memuaskan,1
Punya pengalaman buruk saat laundry disini,0
semoga bisa langganan di kilo laundry,1
Pelayanan memuaskan kurir ramah,1
Kilo laundry nggak pernah mengecewakan Semoga semakin sukses,1
cs nya ramah hasil laundry nya wangi,1
Selalu banyak promonya sangat responsif,1
Sudah langganan dan OK,1
pelayanan memuaskan semoga bisa buka cabang baru lagi,1
Pelayanannya sangat memuaskan terimakasih,1
di jamin puas playananya wangi bersih nya kayak baru yg jaga juga ramah,1
Profesional dan terbaik menurut saya,1
Bisa antar jemput gratis,1
Cepat bersih murah Harga ekonomis fasilitas bagus sekali,1
Kilo laundry pelayanannya best,1
Puas dengan pelayananya bersih dan rapi harganya murah,1
bersih dan rapi harga terjangkau free ongkir lagi,1
Bagus pelayanan memuaskan,1
Bersih wangi rapi selalu puas,1
Cukup cepat cukup bersih,1
Terbaik,1
sudah langganan,1
Free ongkir walaupun jauh Pegawai nya ramah,1
laundry cepat bersih harga terjangkau,1
Ada salah satu pegawai favorit yg ramah banget,1
Layanan bagus,1
Pelayanan ramah,1
Sempurna,1
Laundry kiloan dengan harga yang terjangkau,1
Cepat bersih dan murah mantap,1
Cucian bersih dan tepat waktu,1
Keren,1
Mantap,1
Bersih wangi responsif,1
Suka sekali,1
Bersih wangi,1
Mantap,1
Langganan laundry dan bojo kotor selalu pick up dan baju bersih di delivery Wangi dan bersih Top mantap,1
Cucian bersih dan wangi,1
Tolong di perbaiki waktu pengerjaannya,0
Saya sudah berlangganan jasa laundry tersebut selama setahun dan meskipun permintaan saya agak rumit tetap ditangani dengan baik,1
Harganya murah cuciannya bersih dan pelayanannya memuaskan Dan yang terpenting cucian Anda bisa dijemput di rumah,1
Kerja bagus,1
Respon cepat adminnya Terima kasih kilo,1
Pengalaman terburuk yang pernah ada,0
Terbaik,1
Terbaik,1
Layanan hebat,1
Profesional terima kasih,1
Terburuk,0
Bersih pengerjaan juga cepat,1
Untuk pelayanan mbaknya judes gak ada senyum senyumnya,0
Selalu memuaskan hasilnya Dari segi harga ramah di kantong Banyakin promo aja,1
Dry clean baju kebaya yang penuh aksesoris aman banget disini Selesai tepat waktu,1
Laundry yang dihitung perbaju bagi anak kos demi keselamatan dompet mohon hindari laundry ini,0
Pelayanan nya baik ramah dan hasilnya memuaskan,1
Laundry and dry cleaning TERPERCAYA di Malang Jawa Timur,1
hasilnya memuaskan,1
Not recommended buat anak kos,0
Enak mantap,1
Saya mencuci syal rajutan saya di sini Sebenarnya teman-teman menyarankan untuk mencucinya sendiri agar bisa mengukur semangat mencucinya Dia takut jika dia mencuci pakaian pakaian rajutnya akan berantakan Tapi aku semakin malas Putus asa untuk mencuci pakaian Dan saya berhasil mendorong saudara perempuan saya untuk merawat selendang saya dengan sangat hati-hati Masalahnya butuh waktu lama Seminggu sendirian kelinci Dan ketika saya mengambil cucian saya alhamdulillah sangat bersih dan wangi Tidak ada rajutan yang longgar Dan juga lebih lembut Ini juga ekonomis untuk membayar hal hal yang menurut saya penting dua belas ribu tok Terima kasih kakak Akan datang ke sini lagi segera,1
Oke,1
Kata orang jawa harganya sama,1
Layanan bersih ramah dan sepadan dengan harganya,1
Oke,1
Bagus cukup rata dan bersih,1
Tempat terbaik untuk mengeringkan suite Anda,1
Ini benar-benar bodoh,0
Agak mahal tapi sepadan dengan hasilnya,1
Layanan bagus,1
Lebih dari harga,0
pelayanan memuaskan murah dan ramah makasih,1
pelayanan nya bagus launrdyannya juga bersih dan harum,1
Fast response tapi kurir masih kurang fokus,1
pelayanan sesuai harapan mantul,1
Packagingnya rapi tepat waktu Thanks,1
Hasilnya bersih Baunya wangi tahan lama,1
Bersih rapi dan wangi recomend bangett,1
Pelayanan mantap ramah,1
bersih pelayanan ramah,1
Laundry nya bersih,1
Pelayanan top,1
Wangi dan pelayanan ok,1
Cucian wangi pengerjaan cepat,1
Terbaikk,1
Pelayanan istimewa,1
Memuaskan Recommended Mantul,1
Sangat baik,1
Bagus,1
Sip,1
sangat puas,1
Bersih murah dan wangi recommended,1
Mereka secepat yang dijanjikan Layanan pelanggan lambat menanggapi pertanyaan,1
Bagus,1
Terjangkau dan sangat cepat saat Anda membutuhkannya,1
pelayanan bagus harga b,1
Hasilnya bisa diperdebatkan Atas,1
Respon lambat,0
Sangat dianjurkan,1
Sangat merekomendasikan Binatu Cepat,1
Mantap,1
sangat direkomendasikan,1
Cayo,1
absolutely fast,1
Nice laundry,1
Ahoy,1
Noda masih ada setrika tidak rapi cuma wangi doang Admin juga tidak responsif Tidak worth dengan harga yang lumayan diatas,0
Gak wangi masih lecek setrikan padahal sudah bayar mahal,0
Parah banget Cucian saya sudah 1 minggu ga jelas bagaimana Tutup sudah beberapa hari telpin ga diangkap padahal ONLINE wa tidak dibalas padahal ONLINE,0
Gak selalu baik karyawan nya yang ibu ibu Kecewa,0
Pelayananya buruk sekali sama lama,0
mahal,0
Hilang kancing ngomong nya pas dicuci sudah gaada,0
Terlambat tidak sesuai dengan apa yang disampaikan kepada konsumen,0
Nyari tempat laundry yg ada layanan antar jemputnya biar gausah keluar biaya lagi untuk ongkos pergi ambil anter cuciannya tapi disini tiap saya nyuci crew nya selalu gamau nganterin dengan berbagai alasan ujung nya di gosend atau ambil sendiri padahal jaraknya deket,0
MAHAL IYA BERSIH KAGAK BIKIN KOTOR YANG ADA SETRIKAAN SAMPE BERBEKAS NOT REKOMEND Buat temen temen pilih pilih lagi tempat laundry nya ya jangan sampe kayak gini 10rb/kg tapi kualitas jelek celana yang nersih tanpa noda jadi ada noda baju jadi ada bekas setrikaan,0
Kemarin nyuci hari ini ambilpas dicek ternyata celana jeans nya ga adadi wa ga direspon ditelepon ga diangkat,0
Order express 6 jam ternyata minta tambahan waktu jadi 12 jam Setelah 12 jam dihubungi hanya di balas besok kak Lalu tidak ada respon lagi Padahal baju urgent dibutuhkan dan saya harus berpindah lokasi Jangankan minta maaf respon pun tidak Tidak ada kejelasan,0
Untuk para driver saya kasih 1 alamat nya ga ngotak tidak sesuai app,0
INI LAUNDRY TERPARAH Jangan pernah laindry di sini pertama kali laundry langsung baju hilang dihubungin Dan direspon gaad balesan sama sekali ini laundry apa tempat nyolong baju,0
respon yg sangat lambat dan susah berkomunikasi dengan baik,0
baju hilang 1 Pdhl udh berulang kali pakai layanan laundry ini kirain bisa dipercaya ternyata engga Nyesel,0
disuruh nunggu lama tapi no tip minim empati,0
Ternyata dah banyak review jelek wkwk jangan nyuci disini pakaian luntur semua,0
Parah ini kena zoong Di telpon ga diangkat,0
express sangat ke laundry lain saja,0
Layanan buruk,0
Baju masih kotor kaya ga di cuci gak akan lagi lagi deh kesini cukup 1 kali,0
Ribet si penerima order laundry,0
Baju saya ada yangg rusak cucinya kurang bersih laundry nya lama pernah salah ngasih baju staff nya ada yang kurang ramah Harganya relatif mahal,0
nyuci gabersih banyak noda dan bercak bayar gara CKS yang diterima kualitas CKL,0
Maaf reviu jujur bintang 1 Laundry jadinya lama dan kurang bersih laundrian berbahan halus saya ada yang rusak harga relatif mahal untuk pelayanan seperti ini,0
Ambil cucian cepat tapi baju putih tidak diperhatikan sama sekali tetap kotor banget jadi memang cuma masukin mesin cuci langsung setrika ga peduli masih kotor apa enggak cuma memang cepat Jadi kalau mau cuci besok kering setrika ya pas walau tetap kotor,0
Terlalu Mahal tapi hasil gak memuaskan,0
Baju saya robek dan tidak ada pertanggung jawaban,0
00rb buat 6 kilo minta cuci kering lipet tapi dikasih cuci setrika yaudah dibayar sesuai CKS eh pas sampe bajunya ga di setrika wkwkwk bahkan ada bercaknya,0
Poor quality and service laundry,0
Dulu langganan di sini Laundry nya bersih wangi & rapi Walaupun dibandingkan dengan laundry lainnya CLOP relatif high-priced Beberapa staff nya juga kurang ramah Tapi overall masih recommended,0
Harga murah free delivery emang tapi balik baju nya ada yg gak ada 1,0
Sebelum laundry sampai saya udah bilang untuk amanin kunci tapi sepertinya orang orangnya tidak respon hanya bilang iya tidak di laksanakan,0
Badsy pke express 6 jam tp jdnya 24 jam lebih,0
Deliverynya diperbaiki,0
Saya WA dari pagi tadi sampai malam tidak dijawab saya telpon juga tidak diangkat,0
Di chat ga bales bales kan gebleg,0
Selama idul fitri harga reguler naik 2x lipat lebih Dari 9rb/kg jadi 20rb/kg dengan kualitas laundry yang tidak sesuai dengan harga Pakaian masih kusut jam selesai tidak sesuai dengan yang dijanjikan Terima kasih buat pengalaman tidak baiknya,0
Kurang begitu faham,0
TIDAK DISARANKAN mencuci di sini sudah masuk ke dalam black list saya,0
luntur semua mana mbanya gaada minta maaf sama sekali wkwk,0
Kurang bersih,0
Anehnya laundryan bisa terbawa orang lain terus 7 hari baru bisa di bawa hahaa,0
Katanya express tapi koq selesai nya 1 hari,0
2x ilang pakaian disini bau wanginya ga harum dan lama pengerjaannya,0
3 baju kelunturan 1 baju mengkerut ga ada bentuk,0
pakai express janji 6 8 jam jadi ternyata baru dikirim besok paginya sudah sebulan celanaku hilang setiap di WA jawabnya sedang kami tracking tidak ada kompensasi,0
Tidak profesional baju Saya ada yang luntur pdhl sudah diberi tahu gimana si karyawan nya Padahal baru coba pertama kali laundry disini Tidak ramah bintang 1,0
Ga bersih,0
Nyuci karpet lama udah 7 hari mau diambil masih belum beres mungkin karna banyak yang laundry Kurang wangi juga,0
Maaf ya kasih bintang 2 kapok ngelaundry disini Bantal hilang satu bagus sih responsif katanya mau diganti karna bantalnya ilang kebawa sama customer lain tapi sampe sekarang udah berbulan gak ada tuh diganti Di tanyain terakhir kali gak ada respon lagi Waktu itu alasannya karna bnyak banget orderan jadinya begini harusnya tetap profesional dong kalau bnyak orderan jagan ngorbanin satu customer mentang banyak yg order jadi gak apa apa gitu kehilangan 1 customer doang Semoga bisa lebih baik lagi tanggung jawab ke tiap customer nya,0
Pelayanannya jelek,0
Mohon maaf masih bau semoga kedepan lebih baik Terima kasih,0
Pelayanan sangat buruk Kalau ga bisa nyuci jangan buka laundry,0
Pelayanan terburuk yang pernah saya dapatkan selama menggunakan jasa laundry Sangat tidak recommended,0
Kurang profesional Waktu pengambilannya sangat lama bilangnya besok datangnya 2 hari kemudian itu pun belum datang juga gatau dari hasilnya,0
Ambil paket 8jam kering tapi ga kering semua baju masih ada bagian yang basah ga ada yang kering bener untungnya Di hotel ada hair dryer,0
layanan antar jemput nya gak berfungsi,0
Maaf dikasih bintang 2 ya ada bra yang rusak dan beberapa kerudung rusak tidak bisa dipakai lagi,0
Bilangnya bisa dianter ke rumah setelah 3 hari eh ternyata udah semanggu ga di anter anter juga jadi harus diambil sendiri terus nyetrika bajunya tidak rapi dan baju bau Sangat buruk sekali,0
Cuci sepatu tapi malah jadi ada warna kuning kuning nya terus tali sepatu yang tadinya warna cream malah jadi putih,0
Pencucian baik tapi pelayanan dalam menanyakan barang sudah/belum beres sangat buruk sekali terutama si teteh nya untung ajah cewe masih saya sabarin Mohon kepada pemiliknya lebih di kasih tau ke pelayannya dalam segi pelayanan yang baik Trimakasih,0
Bayar yang 1 hari nyampenya 3 hari,0
Makin kesini makin gak memperhatikan kualitas laundry disini Selesai laundry baju gak wangi gak apa biaya mah mahal tapi gak sebanding sama kualitas Kocak,0
Baju rusak tidak bertanggung jawab,0
Tolonglah karyawan nya dilatih lagi dalam serah terima pakaian apalagi songket jangan asal meletakkan sembarangan apalagi sampai terlipat Gabisa menghargai barang,0
Dari awal sampai akhir lambat,0
Cuci setrika tapi kayak gak di setrika jadi kerja dua kali,0
Tempatnya tidak sebagus dan senyaman,0
Sobek rongsokan kapok disini laundry,0
pelayanan parah karena barang saya hilang berupa celana jeans Di tak ada tangung jawabnya di tlp malah marah Pelayanan di sini sangat parah karena tidak ada tangung jawab dan itikat baik,0
Pelayanan sangat kurang ramah sebenrnya laundry bagus Tapi pelayanan nya gak ada ramah nya cuek,0
Baju hilang robek luntur Ga ada pertanggung jawabannya sama sekali Jawabannya cuma ditanya ke crew Crew apa,0
Hasil laundrynya kurang harum janjianya diantar dan diambil setelah ditelpon telpon tidak pernah diangkat gimana sih,0
Baju ilang 1 ga ada kabar ga ada basa basi ganti atau apa kek Padahal sebelumnya repeat order So sorry kasih dikit bintangnya,0
Jasa laundry terburuk yang pernah ada Jangan pernah pakai jasa di sini Saya punya bantal hancur rusak ga bersisa dan ga bisa kaliaim dengan alasan udah lewat dari24 jam Wong masih dalam bungkusan,0
Laundray tidak amanah saya sangat kecewa Di saat ada brg yang di laundry hilang tidak mau mengakui kesalahan tidak profesional,0
BAJU TIDAK RAPI BANYAK BAJU YANG GA DI SETRIKA DAN KURANG WANGI,0
Mohon untuk customer Yang lain Lebih baik cari laundry lain dari pada di sini,0
Udah mahal mahal hasil setrika nya kusut Kok ada perusahaan hasil nya jelek banget,0
Nyesel banget aku kenal laundry lebih laundry yah,0
pelayanan nya kurang memuaskan,0
Pelayanan jasa tergolong lama membutuhkan waktu 3 hari Terkadang melebihi waktu yang telah dijanjikan kepada pelanggan,0
Sering laundry di sini dan baru kali ini KECEWA gak wangi seperti biasa nya bau nya gak karuan Mohon di perbaiki pelayanan nya agar customer selalu puas,0
Saya kehilangan 5 baju disini dan tidak ada tanggung jawab sama sekali dari pihak sini,0
hasil laundry disetrikanya asal Setelah dilaundry malah jadi gak layak pakai kusutnya parah kerah kemeja berlipat kaos kaki hilang sebelah,0
Karyawannya sangat gak ramah Apatis Saya ngelaundry banyak gak dikasih plastik Harusnya dari awal bilang kalo udah ga nyediain plastik Mana kalo ngomong pelan banget gamau natap pelanggan juga,0
Jangan mau laundry disini Mesinnya tua jelek lama keringin baju Baju kalian gak akan kering kalo dicuci disini trust me Staffnya gak helpful keasikan main handphone Disuruh perkirakan kira butuh berapa koin sampe kering cuma jawab liat aja nanti Udah bayar pewangi ekstra juga ga ada wangi nya lol Ganti mesinnya pak/bu owner atau ga servis udah ketuaan tu Makasih,0
Cs ramah kurir cepat tapi sayang baju bau semua bau apek baju kerja Saya kusut badcover saya Kena noda harga mahal per 3kilo nya kecewa si udah sering laundry disini tapi hasil nya 0,0
baju bau semua kayak baju tidak kering dan terlalu mahal untuk biaya 1 sprei menurut saya terlalu mahal,0
Maaf saya terpaksa kasih bintang 1 krn ada 1 celana panjang hilang padahal cuciannya cuman 1 kg lebih dengan membayar paket 4 kg cucian berserah pada Tuhan aja ambil hikmah nya,0
Selalu bentrok dengan jam harga mahal per kg Setiap pesan pick up pagi diulur jam 9 atau jam 10 pesan pick up sore diulur jadi keesokan paginya Reschedule 2 hari kemudian masih dengan masalah yang sama Coba 2 minggu kemudian masalahnya juga sama Mohon pengaturan jadwal dengan baik jika tidak ingin customer kecewa,0
Antar jemput laundry tapi banyak yangg ga bisa dicuci terlalu banyak aturan kita yang harus memilah pakaian sebelum di pick up cuci Ga bisa nyuci bed cover tebal bantal dan banyak lagi jadi sangat tidak nyaman dan tidak professional,0
Baju putih saya warnanya jadi berubah mungkin terkena warna baju lain dan bajunya jadi tidak kering alhasil bau tidak sedap saya kira ada mesin pengering untuk 25rb/kg 3jam agak tidak worth it poor my 85rb,0
ga ngasi tau minimal 3kg laundry 1kg ttapi diterima tapi bayarnya diitung yang 3kg jadi rugi,0
Senin 15 November 2021 nomor WA tidak dapat dihubungi Secara pesan tertulis dan voice call langsung tidak memberikan respon Tidak dapat diandalkan ketika membutuhkan pelayanan yang cepat,0
katanya buka jam 7 pagi tapi saat datang untuk ambil seragam jam 10 juga belum buka sangat tidak profesional dan merugikan banyak orang please buat orang2 yang berpikir utk langganan dsni diluar sana masih banyak laundry lain yang standardnya sama dan pelayanannya jauh lebih baik darisni semoga exo laundry cepat bangkrut,0
Kalau udah penuh orderan bikin males kalau memang 2 hari belum jadi ya bilang aja belum jadi Suruh ambil hari ketiga Udah nunggu 30 menit lama banget ternyata belum jadi,0
CS lambat merespon padahal udah jam operasional buka Dibalas baru 3jam kemudian Dan cucian baju tidak bersih dan ada bercak,0
jujur aja ga profesional Udah lewat waktu yang dijanjikan harusnya udah bersih tapi masih belom di apa apain Padahal saya ngambilnya juga lewat 5jam dari waktu yang dijanjikan seenggaknya harusnya bisa dikasih tau kalo misal belom selesai tapi malah diem-diem aja Ujung nya saya ambil pakaian yang belom diapa itu juga gaada niatan untuk ngejelasin apa-apa Ok aja,0
Celana Levis saya hilang ditanya responya slow bgt ga ada pergerakan sama sekali sumpah kecew bgt,0
bilangnya jam 11 diantar sampai jam 1230 siang tidak sampai Jadi telat ke beberapa acara Harusnya ga usah set waktu pengantaran kalau bakal telat hampir 2jam,0
Sebenarnya laundry disini wangi dan jatuhnya memang lebih murah daripada laundry antar jemput lain Saya dua kali laundry disini Yang pertama tepat waktu tapi beberapa pakaian saya bernoda tidak tau darimana Yang kedua pengirimannya telat 2 hari,0
Nyuci pertama kali di sini Kecampuran celana dalam orang lain celana dalam perempuan,0
di nota tertulis tanggal 11 desember sudah selesai ternyata saya kesana siang belum jadi dan diminta sore untuk diambilnya e setelah sore saya kesana belum jadi juga sudah 2 kali saya bolak balik ke sana dan tanpa hasil sungguh sangat mengecewakan sekali,0
Pertama baguslalu 3 kali laundry disini Parah ga bersih Baju banyak yang robek dan rusak Selama 3 kali itu juga ga ada yang beres baju rusak ga bilang lagi kali baju rusak dan sobek Karyawan nya juga ga ramah Terlambat ga ada konfirmasi Selama nge laundry cuma laundry disini yang parah,0
Jujur baru pertama kali saya laundry kesini terkesan bagus dengan sistem pembayaran yang oke tapi sayang banget tidak ada informasi keterlambatan dan tidak dijelaskan kendalanya apa TUNGGU DITANYA dulu oleh konsumen dan ternyata laundry saya belum selesai dan TIDAK ADA PERTANGGUNG JAWABAN SAMA SEKALI,0
Dulu bagus waktu awal buka yang jaga masih mas Sayangnya Sekarang kualitasnya menurun Masih sewangi dulu tapi setrikaannya tidak rapi lagi Bekas tali jemuran yang keriting di baju masih ada lipatan asal kayak buat syarat aja disetrika,0
Baju saya harum sih tetapi kerahnya masih kotor kayak tidak dicuci Padahal baju saya itu tidak saya pakai kotor an seharian di dalam ruangan AC tadinya saya laundry karena mau cepat tetapi malah kurang memuaskan Mungkin bisa jadi perhatian bahwa laundry itu bukan hanya wangi saja tetapi juga bersih,0
Maaf harus nge review jelek bintang 1 mudah an bisa jadi evaluasi Ngelaundry disini cardigan rajutan anak rusak harga juga lumayan mahal sekitar 9000/kg untuk 2 hari Pas masukin cucian juga kebetulan ada yang lagi komplain karna baju nya 3 pcs ada yang rusak Nggak ada basa basi/omongan kalau baju nya ada yang rusak Terimakasih,0
Sebelumnya saya dah chat minta jangan dulu tutup jam 5an sore pekerjanya bales ok ditunggu jauh saya dateng cuma telat sedikit dah tutup mantap besok gw kerja mesti beli baju baru dulu,0
Awal laundry disini bagus tepat waktu eh makin lama makin kurang performa nya,0
Bagus cuman untuk laundry nya mohon ditingkatkan agar tidak ketuker sama yang lain terimakasih,0
Maaf ya cuci setrika ko kaya cuci lipat pertma sih cuci lipat kedua cuci setrika tapi sama aja kaya cuci lipat,0
Cucian kita tidak dicampur dengan cucian customer lain Mengurangi resiko tertukar dan hilang serta higienis cucian masing customer,1
Cuci khusus express blazer Kena di harga 30K Pas di ambil noda nya masih ada Ga worth it kalo cuci khusus disini Buang2 duit TOLONG MANAJEMEN LAUNDRY DI BACA YA INI,0
Pertama bagus lalu 3 kali laundry disini Parah ga bersih Baju banyak yang robek dan rusak Selama 3 kali itu juga ga ada yang beres baju rusak ga bilang LG KL baju rusak dan sobek Karyawan nya juga ga ramah Terlambat ga ada konfirmasi Selama nge laundry cuma laundry disni yang parah,0
Pricing layanan yang tidak rasional harga cuci 1 kemeja lebih dari 100000 untuk service 6 jam,0
Kerusakan suatu barang dihitung per bagian,0
laundry amatiran antara admin dan kurir tidak ada komunikasi jelas Harusnya komunikasi cukup antara customer dan admin bukan kurir yang nanya customer Apalagi kurirnya kurang sopan dan kurang etika dalam berkomunikasi,0
Contact admin untuk laundry dijawabnya muter muter udah gitu lama balasnya Saya mau pakai jasa 4 jam selesai tapi kayaknya untuk mau ambil laundry saya banyak alasannya harus bulat 5 kilo lah ga dibales lah kalaupun memang harganya harus dibulatkan 5 kilo saya juga tidak masalah Kalau memang gamau ambil laundry saya mending bilang dari awal daripada muter muter,0
Aduh gk baca review langsung ngelaundry aja nih aku jadi nyesel banget baju sudah lima hari kok gk ada kabar dari laundry nya saya chat tidak dibalas adminnya Bener mengecewakan banget deh pelayanan nya padahal di kalian di platform nya menjanjikan eh dilapangan kok kacau banget gini ya Kapok deh nge laundry disini,0
Maaf sebelumnya saya mau kasih kritik dan saran kalo laundrynya kurang bagus lama dan juga pengirimannya kurang memuaskan tolong di perbaiki untuk kedepannya terima kasih kasian yang menunggu lama dan juga yang turis jauh dan mau buru-buru dan tolong sesuai jadwal pengirimannya,0
Maaf sebelumnya saya mau kasih kritik dan saran kalo laundrynya kurang bagus lama dan juga pengirimannya kurang memuaskan tolong di perbaiki untuk kedepannya terima kasih kasian yang menunggu lama dan juga yang turis jauh dan mau buru-buru dan tolong sesuai jadwal pengirimannya,0
bad attitude karyawannya,0
semoga karyawan nya diganti yang ramah ramah,0
Pelayanan yang lama bilang jumat jadi diambil belum selesai senin diambil juga nungguasih disetrika Kasir cuman 1,0
Pengerjaan lama sekali laundry pakaian biasa saja sampai seminggu,0
Pelayanan buruk ada pakaian hilang tidak mau tanggung jawab bahkan tidak ada kata maaf terrible service,0
kena prank google nih ngeliat review bagus soal laundry ini jadi mau kesini tapi trnyata zonk saya masukin cucian dari hari sabtu minggu lalu katanya selesai 3 hari sampe Sekarang belum selesai udah seminggu bilangnya jatuh lah apa lah sampe serumah ga pake selimut dan agenda mudik jadi molor cuma gara laundry,0
udahlah ya kecewa 2x saya disinu masih perohal yang sama Kalo ga diingetin gak dimirim donk ini udah kedua kalinya Mosok cucian daritanggal 18 sampe Sekarang belum dikirim Ngecek pake lama lagi Dari pagi udah saya wa kalo ga di wa lagi ga direspon juga Mohon maaf ga bakal deh ke sini lagi,0
Kurang teliti pegawainya Saya laundry kilat 6 jam tapi eksekusi ekspres 1 hari jadi saat ambil baju belom selesai saat ditanya alesan yang lain,0
Saya order laundry express tetapi datangnya lewat sehari kemudian sudah tidak tepat waktu cucian laundry saya kurang dan masih dijanjikan mau diantar yang tidak tepat waktunya benar kecewa padahal sudah beberapa kali saya laundry di kilolaundry,0
Ga rekomend saya udah hub berkali-kali janji mau jemput Ga dijemput,0
Adminnya bikin saya emosi terus,0
Saya pesan paket VIP tapi layanan jauh dari standart dan tidak ada kejelasan terlebih dahulu,0
nota tagihan orang lain Bu kos ditagihkan ke saya udah saya jawabin slow banget responnya tanya juga slow banget responnya,0
Pelayanan laundrynya bagus banget gausah ribet langsung order eh kurirnya langsung ngambil cucianku sangat recommend banget,0
Ga bersih nyucinya pelayananya ga ramah ga punya sopan santun di tegur malah ga terima,0
Laundry yang harusnya 2 hari jadi malah 4 hari baru jadi dan bajunya ada yang ilang juga,0
namanya fast laundry tapi lama banget Admin slow respon dichat lama balas ditelfon ga diangkat padahal online Pengantaran lewat dari 3 hari udah gitu ada barang org lain yang masuk,0
Pelayanan nya buruk poll katanya sehari tapi jadi nya 2 hari padahal dapet biaya sehari jadi Mana pas pick up harus diingetin lagi kalau gak diingetin paling gak jadi ambil tuh Trus gak dibalikin juga laundry bag nya kan kesel Kalau di wa juga kebanyakan alasan,0
1 hari laundry ada sweater yang ga dimasukin ternyata gabisa selesai 1 hari gabisa ilang nodanya tapi ga ngabarin parah banget,0
Minta selesai 3 harian biar murah Diselesaikan 2 hari disuruh bayar express 9000/kg Gak ada di katalog tapi harus bayar Handuk sendiri 8000/pcs,0
Baju saya hilang 6 disini diminta tanggung jawab malah owner nuduh kok kehilangannya seperti dibuat buat ya diminta tanggung jawab malah ngilang,0
laundry ini sangat parah Udah bilang 3 hari bisa giliran di Telpon di hari ke3 ditanyai tentang laundry nya tiba hilang no respon Berhubung itu ada kemeja kerja yang dipakai besOk suami kerja inisiatif saya ketempat nya Ternyata,0
JANGAN PERNAH LAUNDRY DI SINI Janjian supaya laundy kelar seminggu sampai 3 MINGGU GAK ADA KABAR SUMPAH NYESEL BANGET NYUCI DI SINI SERAME-RAMENYA LAUNDRY JUGA GAK BAKAL SAMPE 3 MINGGU GAK SELESAI,0
Awalan lumayan memuaskan sekarang dari nilainya 9 jadi kosong pesen expres 4 HR blom di anter juga jadi harus ambil sendiri gak percaya coba aja laundry disini,0
pengantaran dan pengambilannya lama baju keburu dipake gara gara ga cepat dianter juga gajadi dipake edit YA ALLAH DARI PAGI SAMPE SORE BAJU SAYA GA DATENG DATENG padahal SEHARUSNYA DTG KEMAREN tapi LAUNDRY NYA BARU CHAT TENGAH MALEM,0
Plis tolong kenapa laundry an ga di anter ya sis ditelfon di chat ga ada respon tolong dong udah lebih dari 4 hari ini sis,0
Pelayanan amat buruk baju dirusak tapi gamau tau jelas kesalahan dari sana sini yang dirugikan malah kurir yang marah,0
pengantara tidak sesuai dengan jadwal selalu di antar nya mau tengah malam kayak orang ga tau waktu,0
Pengiriman lama Admin wa ga responsif Kurir ngomongnya ga sopan/kurang ajar Delivery time seenaknya Harga ga sebanding dengan pelayanan Pilih express sehari tapi berakhir 3hari dan ambil sendiri pula Will never ever gonna use this service ever again Tidak akan pernah saya rekomendasikan atau saya gunakan lagi Good job guys to ruined my day Reply karena saya pakai nama lain lah yakali nama orang kek gini,0
Kasih bintang 2 karena 1 Kaos kaki hilang 2 Rok plisket masih baru habis dilaundry motif plisket nya jadi hilang juga,0
Pelayanan kurirnya buruk hasil cucian sehari tidak maksimal Seperti tidak disetrika Adminya juga slow respon Padahal reviewnya fast respon tapi faktanya slow banget Tempat laundry terpencil banget susah dijangkau,0
Tidak nyaman Antar jemputnya lemot sekali di janji kan terus selama seminggu hasilnya nol gak ada yang ngantar Akhirnya saya memutuskan untuk ambil sendiri dengan rute gmaps yang ga jelas Tidak ada keterangan yasashi laundry di tokonya Bikin bingung Terimakasih,0
JELEK PELAYANAN JELEK JANGAN PAKAI LAYANAN INI KALO GAMAU KECEWA 1 Kurir gak profesional 2 Barang suka lupa diantar ketika selesai 3 Barang suka tidak sesuai kesepakatan jamnya,0
Saya merasa dirugikan waktu sama kurir yang tidak profesional Rutenya nggak jelas malah justru terkesan dipermainkan Sudah janjian sejak kemarin malah seperti ini,0
Emang wangi banget sih kalau laundry sini Tapi kecewa sama pelayanan antar jemputnya dan kurang teliti Mohon ditingkatkan lagi dan jangan alasan mending ngomong sejujurnya biar para pelanggan gak menunggu dan berharap,0
Respon awal sih cepet ya sdh dil2 jam 7 diantar karna saya pakai yang kilat 4 jam harga 20/kg tapi teryata diantar nya jam 11 siang,0
Awal nya aja cepat tepat waktu Pas nyuci ke 3 udah di buat nunggu sampai tengah malam Kecewa sama admin kurir nya,0
Sering terlambat pakaian saya juga pernah hilang Padahal harganya diatas rata rata Sebaiknya cari laundry lain,0
Tidak recomended lama tidak respon ambil paket 3 jambayar sesuai paket tapi pelayanan lebih dari 3 jam penjemputan 2 jam pengantaran 2 jam total 7 jam kalau tidak saya marah marah pakaian saya tidak di antar tidak d jemput parah,0
Bener tidak recomended baju kami banyak hilang laundry disini admin tidak bisa dihubungi terus,0
Di banner katanya 9rb tanpa timbang eh pas masuk ternyata 15rb hasilnya waw biasa aja ga bersih tuh masih ada noda,0
Ini dia cucian yang mudah dilakukan Kadang tidak selesai sebelum waktunya kadang tertunda Semoga berhasil bos,0
Padahal dengan layanan antar jemput sudah sangat bagus tapi sangat tidak bertanggung jawab terhadap barang pelanggan Saya kehilangan tas laundry Adminnya juga tidak membalas chat WA,0
saya kurang belom coba untuk layanan self laundrynya namun untuk layanan drop off nya sangat buruk pakaian tidak dilipat dengan rapi asal asalan sehabis dilipat juga tidak dibungkus plastik,0
Keren libur lebaran dia buka sangat membantu sekali,1
cucian bersih wangi tepat waktu pemilik dan karyawan ramah sangat membantu bagi yang sedang berpergian ke malang,1
Laundry memuaskan laundry di sini bareng temen waktu dinas Semua bilang memuaskan Sukses selalu,1
Pelayanan nya memuaskan ramah cepat ga pake lama top deh,1
Cucian bersih fast respon pelayanan antar jemput tepat waktu,1
Pelayanannya cepat dan akurat Harga kompetitif,1
Bisa antar jemput laundry harga terjangkau dan cepat Puas banget sama hasilnya,1
Sangat memuaskan dan bertanggung jawab,1
Stay 24 jam jika diperlukan mantap pelayanan keren,1
Laundry yang recommended nih Bersih wangi dan rapi Pelayanan enak ramah juga orangnya,1
On time rapi bersih wangi thank you,1
Recomend untuk laundry di malang top servisnya,1
Cocok buat anak kost seperti saya terimakasih ko,1
Enak banget bisa antar jemput makasih om,1
Pelayanan terbaik Recommended Laundry,1
Pelayanan bagus dan cepat sangat membantu Terimakasih,1
Bisa antar dan jemput Bersih dan wangi Harga terjangkau,1
Cepat pelayanannya juga ramah banget,1
Auto langganan kalo pelayanannya seperti ini,1
Terimakasih primas malang pelayanannya cepat,1
Semakin lancar aja ni ko,1
Cepat juga servis nya Thanks,1
Laundry disini penampilan selalu terjaga,1
Cepet selesainya mantap,1
Rapi dan wangi mantap,1
Cepat dan murah,1
Puas Bersih dan Rapi,1
Cepat bersih dan harum,1
Pokoknya perfect,1
Bersih,1
Pelayanan cepat,1
adminnya fast respon responsif baik pelayanan memuaskan,1
Pelayanannya ramah hasilnya cepat rapi dan wangi harga sesuai di kantong,1
Mbaknya ramah POl dah gitu layanannya bisa cepet suka deh,1
Wah bersih dan wangi banget laundry disini Bakal terusan balik,1
Harga murah bersih harum wangi cepat Recomended banyak diskon,1
Kenal laundryroom dari saran temen kos testimoninya hasil cuciannya memuaskan,1
Kakak nya super ramah dan cucian nya bersih wangi dan terjangkau,1
Pelayanan dan pengerjaan sangat cepat bersih dan murah sangat memuaskan,1
sumpah sih ini keren banget anjrit wangi banget lho serius kalian harus coba yeah bestie,1
laundry Disini rapi banget setrika nya wangi juga dan pelayanan sangat ramah sekali Terimakasih laundry room,1
Pelayanan ramah dan sangat memuaskan,1
Hasil laundrynya rapi cepat dan wangi Tempatnya bersih pegawainya ramah,1
kakak nya ramah ramah pelayanannya bagus hasil cuciannya bersih dan wangi,1
Best deh bakal jadi langganan mbak mbaknya ramah banget,1
tempatnya bersih nyaman murce,1
Hasil cucianya bersih packingnya rapi dan cepet selesai Harganya juga relatif murce,1
Tempatnya lucuu bersih packingnya juga ucul gercep pol,1
Ramah banget pelayanannya dan hasilnya wangi dan bersih,1
Pelayanan ramah hasil wangi The best pokok e Mantoel,1
laundrynya bersih dan wangii banyak diskon jugaa,1
Sangat nyaman dan pelayanan cepat harganya juga terjangkau,1
Tempatnya bagus instagramable staff ramah baik banget hasilnya juga bersih wangi,1
Hasil laundry bersih rapi dan wangi pelayanan juga ramah,1
Sangat senang yang berapa hari itu cepat banget Mantap,1
wangi dan rapi banget bajunya prosesnya jugaa cepet,1
Pelayanannya cepat dan kakaknya ramah banget,1
tempat laundryannya deket dari kosan harganya juga terjangkau,1
Nyaman banget laundry disini harga juga terjangkau,1
Cepat Rapi Sekaligus Bersih worth it,1
pelayanan sangat bagus dan hasilnya juga harum,1
bersih dan wangi banget kakak nya juga ramah,1
Sangat wangi dan pelayanan nya ramah,1
Packing kemasan baju setelah laundry nya cakep,1
Laundry termantap rapi ramah cepat,1
Sangat Cepat dan mbak nya ramah,1
Hasil laundry sangat rapih dan pelayanan sangat ramah,1
jos pelayanannya,1
packing nya rapi pwoool wangi juga,1
Selalu tepat waktu,1
pelayanan nya baik,1
cepat dan banyak promo,1
SANGAT CEPAT SEKALi LAUNDRY EXPRESS,1
Bersih gercep santun,1
Mbanya ramah tempat laundry nya juga bersih dan wangi pokoknya the best,1
Mantap,1
Pelayanan sangat memuaskan cucian dijemput pukul 8 jam 15 dikabari sudah jadi Saya pakai jasa yang 24 jam tapi ga sampai 12 jam sudah selesai InsyaAllah kalau sedang di Malang pakai jasa laundry Primas lagi Harga juga sangat terjangkau,1
Pelayanan ramah Free antar jemput Yang pasti sangat puas Terimakasih sahabat laundry,1
Hasilnya rapi higenis dan sangat bersih Jadi puas kalau saya laundry disini,1
Terima kasih sukses selalu yah,1
Tempat laundry yang sangat recomended Apalagi pemiliknya sangat ramah dan baik puolll,1
Pernah sekali cuci kering di sini Cepat tidak terlalu mahal,1
Laundry satuannya hasilnya sangat memuaskan dan harganya terjangkau,1
Puass banget laundry disini sesuai antara harga dan kualitas yang paling penting jadinya cepet,1